,name,date_utc,success,rocket,launchpad,year
0,FalconSat,2006-03-24T22:30:00.000Z,0,5e9d0d95eda69955f709d1eb,5e9e4502f5090995de566f86,2006
1,DemoSat,2007-03-21T01:10:00.000Z,0,5e9d0d95eda69955f709d1eb,5e9e4502f5090995de566f86,2007
2,Trailblazer,2008-08-03T03:34:00.000Z,0,5e9d0d95eda69955f709d1eb,5e9e4502f5090995de566f86,2008
3,RatSat,2008-09-28T23:15:00.000Z,1,5e9d0d95eda69955f709d1eb,5e9e4502f5090995de566f86,2008
4,RazakSat,2009-07-13T03:35:00.000Z,1,5e9d0d95eda69955f709d1eb,5e9e4502f5090995de566f86,2009
5,Falcon 9 Test Flight,2010-06-04T18:45:00.000Z,1,5e9d0d95eda69973a809d1ec,5e9e4501f509094ba4566f84,2010
6,COTS 1,2010-12-08T15:43:00.000Z,1,5e9d0d95eda69973a809d1ec,5e9e4501f509094ba4566f84,2010
7,COTS 2,2012-05-22T07:44:00.000Z,1,5e9d0d95eda69973a809d1ec,5e9e4501f509094ba4566f84,2012
8,CRS-1,2012-10-08T00:35:00.000Z,1,5e9d0d95eda69973a809d1ec,5e9e4501f509094ba4566f84,2012
9,CRS-2,2013-03-01T19:10:00.000Z,1,5e9d0d95eda69973a809d1ec,5e9e4501f509094ba4566f84,2013
10,CASSIOPE,2013-09-29T16:00:00.000Z,1,5e9d0d95eda69973a809d1ec,5e9e4502f509092b78566f87,2013
11,SES-8,2013-12-03T22:41:00.000Z,1,5e9d0d95eda69973a809d1ec,5e9e4501f509094ba4566f84,2013
12,Thaicom 6,2014-01-06T18:06:00.000Z,1,5e9d0d95eda69973a809d1ec,5e9e4501f509094ba4566f84,2014
13,CRS-3,2014-04-18T19:25:00.000Z,1,5e9d0d95eda69973a809d1ec,5e9e4501f509094ba4566f84,2014
14,OG-2 Mission 1,2014-07-14T15:15:00.000Z,1,5e9d0d95eda69973a809d1ec,5e9e4501f509094ba4566f84,2014
15,AsiaSat 8,2014-08-05T08:00:00.000Z,1,5e9d0d95eda69973a809d1ec,5e9e4501f509094ba4566f84,2014
16,AsiaSat 6,2014-09-07T05:00:00.000Z,1,5e9d0d95eda69973a809d1ec,5e9e4501f509094ba4566f84,2014
17,CRS-4,2014-09-21T05:52:00.000Z,1,5e9d0d95eda69973a809d1ec,5e9e4501f509094ba4566f84,2014
18,CRS-5,2015-01-10T09:47:00.000Z,1,5e9d0d95eda69973a809d1ec,5e9e4501f509094ba4566f84,2015
19,DSCOVR,2015-02-11T23:03:00.000Z,1,5e9d0d95eda69973a809d1ec,5e9e4501f509094ba4566f84,2015
20,ABS-3A / Eutelsat 115W B,2015-03-02T03:50:00.000Z,1,5e9d0d95eda69973a809d1ec,5e9e4501f509094ba4566f84,2015
21,CRS-6,2015-04-14T20:10:00.000Z,1,5e9d0d95eda69973a809d1ec,5e9e4501f509094ba4566f84,2015
22,TürkmenÄlem 52°E / MonacoSAT,2015-04-27T23:03:00.000Z,1,5e9d0d95eda69973a809d1ec,5e9e4501f509094ba4566f84,2015
23,CRS-7,2015-06-28T14:21:00.000Z,0,5e9d0d95eda69973a809d1ec,5e9e4501f509094ba4566f84,2015
24,OG-2 Mission 2,2015-12-22T01:29:00.000Z,1,5e9d0d95eda69973a809d1ec,5e9e4501f509094ba4566f84,2015
25,Jason 3,2016-01-17T15:42:00.000Z,1,5e9d0d95eda69973a809d1ec,5e9e4502f509092b78566f87,2016
26,SES-9,2016-03-04T23:35:00.000Z,1,5e9d0d95eda69973a809d1ec,5e9e4501f509094ba4566f84,2016
27,CRS-8,2016-04-08T20:43:00.000Z,1,5e9d0d95eda69973a809d1ec,5e9e4501f509094ba4566f84,2016
28,JCSAT-2B,2016-05-06T05:21:00.000Z,1,5e9d0d95eda69973a809d1ec,5e9e4501f509094ba4566f84,2016
29,Thaicom 8,2016-05-27T21:39:00.000Z,1,5e9d0d95eda69973a809d1ec,5e9e4501f509094ba4566f84,2016
30,ABS-2A / Eutelsat 117W B,2016-06-15T14:29:00.000Z,1,5e9d0d95eda69973a809d1ec,5e9e4501f509094ba4566f84,2016
31,CRS-9,2016-07-18T04:45:00.000Z,1,5e9d0d95eda69973a809d1ec,5e9e4501f509094ba4566f84,2016
32,JCSAT-16,2016-08-14T05:26:00.000Z,1,5e9d0d95eda69973a809d1ec,5e9e4501f509094ba4566f84,2016
33,Amos-6,2016-09-01T13:07:00.000Z,0,5e9d0d95eda69973a809d1ec,5e9e4501f509094ba4566f84,2016
34,Iridium NEXT Mission 1,2017-01-14T17:54:00.000Z,1,5e9d0d95eda69973a809d1ec,5e9e4502f509092b78566f87,2017
35,CRS-10,2017-02-19T14:39:00.000Z,1,5e9d0d95eda69973a809d1ec,5e9e4502f509094188566f88,2017
36,EchoStar 23,2017-03-16T06:00:00.000Z,1,5e9d0d95eda69973a809d1ec,5e9e4502f509094188566f88,2017
37,SES-10,2017-03-30T22:27:00.000Z,1,5e9d0d95eda69973a809d1ec,5e9e4502f509094188566f88,2017
38,NROL-76,2017-05-01T11:15:00.000Z,1,5e9d0d95eda69973a809d1ec,5e9e4502f509094188566f88,2017
39,Inmarsat-5 F4,2017-05-15T23:21:00.000Z,1,5e9d0d95eda69973a809d1ec,5e9e4502f509094188566f88,2017
40,CRS-11,2017-06-03T21:07:00.000Z,1,5e9d0d95eda69973a809d1ec,5e9e4502f509094188566f88,2017
41,BulgariaSat-1,2017-06-23T19:10:00.000Z,1,5e9d0d95eda69973a809d1ec,5e9e4502f509094188566f88,2017
42,Iridium NEXT Mission 2,2017-06-25T20:25:00.000Z,1,5e9d0d95eda69973a809d1ec,5e9e4502f509092b78566f87,2017
43,Intelsat 35e,2017-07-05T23:35:00.000Z,1,5e9d0d95eda69973a809d1ec,5e9e4502f509094188566f88,2017
44,CRS-12,2017-08-14T16:31:00.000Z,1,5e9d0d95eda69973a809d1ec,5e9e4502f509094188566f88,2017
45,FormoSat-5,2017-08-24T18:50:00.000Z,1,5e9d0d95eda69973a809d1ec,5e9e4502f509092b78566f87,2017
46,Boeing X-37B OTV-5,2017-09-07T13:50:00.000Z,1,5e9d0d95eda69973a809d1ec,5e9e4502f509094188566f88,2017
47,Iridium NEXT Mission 3,2017-10-09T12:37:00.000Z,1,5e9d0d95eda69973a809d1ec,5e9e4502f509092b78566f87,2017
48,SES-11 / Echostar 105,2017-10-11T22:53:00.000Z,1,5e9d0d95eda69973a809d1ec,5e9e4502f509094188566f88,2017
49,KoreaSat 5A,2017-10-30T19:34:00.000Z,1,5e9d0d95eda69973a809d1ec,5e9e4502f509094188566f88,2017
50,CRS-13,2017-12-15T15:36:00.000Z,1,5e9d0d95eda69973a809d1ec,5e9e4501f509094ba4566f84,2017
51,Iridium NEXT Mission 4,2017-12-23T01:27:23.000Z,1,5e9d0d95eda69973a809d1ec,5e9e4502f509092b78566f87,2017
52,ZUMA,2018-01-08T01:00:00.000Z,1,5e9d0d95eda69973a809d1ec,5e9e4501f509094ba4566f84,2018
53,SES-16 / GovSat-1,2018-01-31T21:25:00.000Z,1,5e9d0d95eda69973a809d1ec,5e9e4501f509094ba4566f84,2018
54,Falcon Heavy Test Flight,2018-02-06T20:45:00.000Z,1,5e9d0d95eda69974db09d1ed,5e9e4502f509094188566f88,2018
55,Paz / Starlink Demo,2018-02-22T14:17:00.000Z,1,5e9d0d95eda69973a809d1ec,5e9e4502f509092b78566f87,2018
56,Hispasat 30W-6,2018-03-06T05:33:00.000Z,1,5e9d0d95eda69973a809d1ec,5e9e4501f509094ba4566f84,2018
57,Iridium NEXT Mission 5,2018-03-30T14:13:51.000Z,1,5e9d0d95eda69973a809d1ec,5e9e4502f509092b78566f87,2018
58,CRS-14,2018-04-02T20:30:41.000Z,1,5e9d0d95eda69973a809d1ec,5e9e4501f509094ba4566f84,2018
59,TESS,2018-04-18T22:51:00.000Z,1,5e9d0d95eda69973a809d1ec,5e9e4501f509094ba4566f84,2018
60,Bangabandhu-1,2018-05-11T20:14:00.000Z,1,5e9d0d95eda69973a809d1ec,5e9e4502f509094188566f88,2018
61,Iridium NEXT Mission 6,2018-05-22T19:47:58.000Z,1,5e9d0d95eda69973a809d1ec,5e9e4502f509092b78566f87,2018
62,SES-12,2018-06-04T04:45:00.000Z,1,5e9d0d95eda69973a809d1ec,5e9e4501f509094ba4566f84,2018
63,CRS-15,2018-06-29T09:42:00.000Z,1,5e9d0d95eda69973a809d1ec,5e9e4501f509094ba4566f84,2018
64,Telstar 19V,2018-07-22T05:50:00.000Z,1,5e9d0d95eda69973a809d1ec,5e9e4501f509094ba4566f84,2018
65,Iridium NEXT Mission 7,2018-07-25T11:39:26.000Z,1,5e9d0d95eda69973a809d1ec,5e9e4502f509092b78566f87,2018
66,Merah Putih,2018-08-07T05:18:00.000Z,1,5e9d0d95eda69973a809d1ec,5e9e4501f509094ba4566f84,2018
67,Telstar 18V,2018-09-10T04:45:00.000Z,1,5e9d0d95eda69973a809d1ec,5e9e4501f509094ba4566f84,2018
68,SAOCOM 1A,2018-10-08T02:22:00.000Z,1,5e9d0d95eda69973a809d1ec,5e9e4502f509092b78566f87,2018
69,Es’hail 2,2018-11-15T20:46:00.000Z,1,5e9d0d95eda69973a809d1ec,5e9e4502f509094188566f88,2018
70,SSO-A,2018-12-03T18:34:00.000Z,1,5e9d0d95eda69973a809d1ec,5e9e4502f509092b78566f87,2018
71,CRS-16,2018-12-05T18:16:00.000Z,1,5e9d0d95eda69973a809d1ec,5e9e4501f509094ba4566f84,2018
72,GPS III SV01,2018-12-23T13:51:00.000Z,1,5e9d0d95eda69973a809d1ec,5e9e4501f509094ba4566f84,2018
73,Iridium NEXT Mission 8,2019-01-11T15:31:00.000Z,1,5e9d0d95eda69973a809d1ec,5e9e4502f509092b78566f87,2019
74,Nusantara Satu (PSN-6) / S5 / Beresheet,2019-02-22T01:45:00.000Z,1,5e9d0d95eda69973a809d1ec,5e9e4501f509094ba4566f84,2019
75,CCtCap Demo Mission 1,2019-03-02T07:45:00.000Z,1,5e9d0d95eda69973a809d1ec,5e9e4502f509094188566f88,2019
76,ArabSat 6A,2019-04-11T22:35:00.000Z,1,5e9d0d95eda69974db09d1ed,5e9e4502f509094188566f88,2019
77,CRS-17,2019-05-04T06:48:00.000Z,1,5e9d0d95eda69973a809d1ec,5e9e4501f509094ba4566f84,2019
78,Starlink v0.9,2019-05-24T02:30:00.000Z,1,5e9d0d95eda69973a809d1ec,5e9e4501f509094ba4566f84,2019
79,RADARSAT Constellation,2019-06-12T14:17:00.000Z,1,5e9d0d95eda69973a809d1ec,5e9e4502f509092b78566f87,2019
80,STP-2,2019-06-25T03:30:00.000Z,1,5e9d0d95eda69974db09d1ed,5e9e4502f509094188566f88,2019
81,CRS-18,2019-07-25T22:01:00.000Z,1,5e9d0d95eda69973a809d1ec,5e9e4501f509094ba4566f84,2019
82,Amos-17,2019-08-06T22:52:00.000Z,1,5e9d0d95eda69973a809d1ec,5e9e4501f509094ba4566f84,2019
83,Starlink-1,2019-11-11T14:56:00.000Z,1,5e9d0d95eda69973a809d1ec,5e9e4501f509094ba4566f84,2019
84,CRS-19,2019-12-05T17:29:23.000Z,1,5e9d0d95eda69973a809d1ec,5e9e4501f509094ba4566f84,2019
85,JCSat 18 / Kacific 1,2019-12-17T00:10:00.000Z,1,5e9d0d95eda69973a809d1ec,5e9e4501f509094ba4566f84,2019
86,Starlink-2,2020-01-07T02:19:00.000Z,1,5e9d0d95eda69973a809d1ec,5e9e4501f509094ba4566f84,2020
87,Crew Dragon In Flight Abort Test,2020-01-19T14:00:00.000Z,1,5e9d0d95eda69973a809d1ec,5e9e4502f509094188566f88,2020
88,Starlink-3,2020-01-29T14:06:00.000Z,1,5e9d0d95eda69973a809d1ec,5e9e4501f509094ba4566f84,2020
89,Starlink-4,2020-02-17T15:05:55.000Z,1,5e9d0d95eda69973a809d1ec,5e9e4501f509094ba4566f84,2020
90,CRS-20,2020-03-07T04:50:31.000Z,1,5e9d0d95eda69973a809d1ec,5e9e4501f509094ba4566f84,2020
91,Starlink-5,2020-03-18T12:16:00.000Z,1,5e9d0d95eda69973a809d1ec,5e9e4502f509094188566f88,2020
92,Starlink-6,2020-04-22T19:30:00.000Z,1,5e9d0d95eda69973a809d1ec,5e9e4502f509094188566f88,2020
93,CCtCap Demo Mission 2,2020-05-30T19:22:00.000Z,1,5e9d0d95eda69973a809d1ec,5e9e4502f509094188566f88,2020
94,Starlink-7,2020-06-04T01:25:00.000Z,1,5e9d0d95eda69973a809d1ec,5e9e4501f509094ba4566f84,2020
95,Starlink-8 & SkySat 16-18,2020-06-13T09:21:00.000Z,1,5e9d0d95eda69973a809d1ec,5e9e4501f509094ba4566f84,2020
96,GPS III SV03 (Columbus),2020-06-30T19:55:00.000Z,1,5e9d0d95eda69973a809d1ec,5e9e4501f509094ba4566f84,2020
97,ANASIS-II,2020-07-20T21:30:00.000Z,1,5e9d0d95eda69973a809d1ec,5e9e4501f509094ba4566f84,2020
98,Starlink-9 (v1.0) & BlackSky Global 5-6,2020-08-07T05:12:00.000Z,1,5e9d0d95eda69973a809d1ec,5e9e4502f509094188566f88,2020
99,Starlink-10 (v1.0) & SkySat 19-21,2020-08-18T14:31:00.000Z,1,5e9d0d95eda69973a809d1ec,5e9e4501f509094ba4566f84,2020
100,"SAOCOM 1B, GNOMES-1, Tyvak-0172",2020-08-30T23:18:00.000Z,1,5e9d0d95eda69973a809d1ec,5e9e4501f509094ba4566f84,2020
101,Starlink-11 (v1.0),2020-09-03T12:46:00.000Z,1,5e9d0d95eda69973a809d1ec,5e9e4502f509094188566f88,2020
102,Starlink-12 (v1.0),2020-10-06T11:29:00.000Z,1,5e9d0d95eda69973a809d1ec,5e9e4502f509094188566f88,2020
103,Starlink-13 (v1.0),2020-10-18T12:25:00.000Z,1,5e9d0d95eda69973a809d1ec,5e9e4502f509094188566f88,2020
104,Starlink-14 (v1.0),2020-10-24T15:31:00.000Z,1,5e9d0d95eda69973a809d1ec,5e9e4501f509094ba4566f84,2020
105,GPS III SV04 (Sacagawea),2020-11-05T23:24:00.000Z,1,5e9d0d95eda69973a809d1ec,5e9e4501f509094ba4566f84,2020
106,Crew-1,2020-11-16T00:27:00.000Z,1,5e9d0d95eda69973a809d1ec,5e9e4502f509094188566f88,2020
107,Sentinel-6 Michael Freilich,2020-11-21T17:17:00.000Z,1,5e9d0d95eda69973a809d1ec,5e9e4502f509092b78566f87,2020
108,Starlink-15 (v1.0),2020-11-25T02:13:00.000Z,1,5e9d0d95eda69973a809d1ec,5e9e4501f509094ba4566f84,2020
109,CRS-21,2020-12-06T16:17:00.000Z,1,5e9d0d95eda69973a809d1ec,5e9e4502f509094188566f88,2020
110,SXM-7,2020-12-13T17:30:00.000Z,1,5e9d0d95eda69973a809d1ec,5e9e4501f509094ba4566f84,2020
111,NROL-108,2020-12-19T14:00:00.000Z,1,5e9d0d95eda69973a809d1ec,5e9e4502f509094188566f88,2020
112,Turksat 5A,2021-01-08T02:15:00.000Z,1,5e9d0d95eda69973a809d1ec,5e9e4501f509094ba4566f84,2021
113,Starlink-16 (v1.0),2021-01-20T13:02:00.000Z,1,5e9d0d95eda69973a809d1ec,5e9e4502f509094188566f88,2021
114,Transporter-1,2021-01-24T15:00:00.000Z,1,5e9d0d95eda69973a809d1ec,5e9e4501f509094ba4566f84,2021
115,Starlink-18 (v1.0),2021-02-04T06:19:00.000Z,1,5e9d0d95eda69973a809d1ec,5e9e4501f509094ba4566f84,2021
116,Starlink-19 (v1.0),2021-02-16T03:59:00.000Z,1,5e9d0d95eda69973a809d1ec,5e9e4501f509094ba4566f84,2021
117,Starlink-17 (v1.0),2021-03-04T08:24:00.000Z,1,5e9d0d95eda69973a809d1ec,5e9e4502f509094188566f88,2021
118,Starlink-20 (v1.0),2021-03-11T08:13:00.000Z,1,5e9d0d95eda69973a809d1ec,5e9e4501f509094ba4566f84,2021
119,Starlink-21 (v1.0),2021-03-14T10:01:00.000Z,1,5e9d0d95eda69973a809d1ec,5e9e4502f509094188566f88,2021
120,Starlink-22 (v1.0),2021-03-24T08:28:00.000Z,1,5e9d0d95eda69973a809d1ec,5e9e4501f509094ba4566f84,2021
121,Starlink-23 (v1.0),2021-04-07T16:34:00.000Z,1,5e9d0d95eda69973a809d1ec,5e9e4501f509094ba4566f84,2021
122,Crew-2,2021-04-23T09:49:00.000Z,1,5e9d0d95eda69973a809d1ec,5e9e4502f509094188566f88,2021
123,Starlink-24 (v1.0),2021-04-29T03:44:00.000Z,1,5e9d0d95eda69973a809d1ec,5e9e4501f509094ba4566f84,2021
124,Starlink-25 (v1.0),2021-05-04T19:01:00.000Z,1,5e9d0d95eda69973a809d1ec,5e9e4502f509094188566f88,2021
125,Starlink-27 (v1.0),2021-05-09T06:42:00.000Z,1,5e9d0d95eda69973a809d1ec,5e9e4501f509094ba4566f84,2021
126,Starlink-26 (v1.0) + Capella-6 + Tyvak-0130,2021-05-15T22:54:00.000Z,1,5e9d0d95eda69973a809d1ec,5e9e4502f509094188566f88,2021
127,Starlink-28 (v1.0),2021-05-26T18:59:00.000Z,1,5e9d0d95eda69973a809d1ec,5e9e4501f509094ba4566f84,2021
128,CRS-22 & IROSA,2021-06-03T17:29:00.000Z,1,5e9d0d95eda69973a809d1ec,5e9e4502f509094188566f88,2021
129,SXM-8,2021-06-06T04:26:00.000Z,1,5e9d0d95eda69973a809d1ec,5e9e4501f509094ba4566f84,2021
130,GPS III SV05,2021-06-17T16:09:00.000Z,1,5e9d0d95eda69973a809d1ec,5e9e4501f509094ba4566f84,2021
131,Transporter-2,2021-06-30T19:31:00.000Z,1,5e9d0d95eda69973a809d1ec,5e9e4501f509094ba4566f84,2021
132,CRS-23,2021-08-29T07:14:00.000Z,1,5e9d0d95eda69973a809d1ec,5e9e4502f509094188566f88,2021
133,Starlink 2-1 (v1.5),2021-09-14T03:55:00.000Z,1,5e9d0d95eda69973a809d1ec,5e9e4502f509092b78566f87,2021
134,Inspiration4,2021-09-16T00:02:00.000Z,1,5e9d0d95eda69973a809d1ec,5e9e4502f509094188566f88,2021
135,Crew-3,2021-11-11T02:03:00.000Z,1,5e9d0d95eda69973a809d1ec,5e9e4502f509094188566f88,2021
136,Starlink 4-1 (v1.5),2021-11-13T12:40:00.000Z,1,5e9d0d95eda69973a809d1ec,5e9e4501f509094ba4566f84,2021
137,DART,2021-11-24T06:20:00.000Z,1,5e9d0d95eda69973a809d1ec,5e9e4502f509092b78566f87,2021
138,Starlink 4-3 (v1.5),2021-12-01T23:20:00.000Z,1,5e9d0d95eda69973a809d1ec,5e9e4501f509094ba4566f84,2021
139,IXPE,2021-12-09T06:00:00.000Z,1,5e9d0d95eda69973a809d1ec,5e9e4502f509094188566f88,2021
140,Starlink 4-4 (v1.5),2021-12-18T12:41:40.000Z,1,5e9d0d95eda69973a809d1ec,5e9e4502f509092b78566f87,2021
141,Türksat 5B,2021-12-19T03:58:00.000Z,1,5e9d0d95eda69973a809d1ec,5e9e4501f509094ba4566f84,2021
142,CRS-24,2021-12-21T10:06:00.000Z,1,5e9d0d95eda69973a809d1ec,5e9e4502f509094188566f88,2021
143,Starlink 4-5 (v1.5),2022-01-06T21:49:00.000Z,1,5e9d0d95eda69973a809d1ec,5e9e4502f509094188566f88,2022
144,Transporter-3,2022-01-13T15:25:00.000Z,1,5e9d0d95eda69973a809d1ec,5e9e4501f509094ba4566f84,2022
145,Starlink 4-6 (v1.5),2022-01-19T00:04:00.000Z,1,5e9d0d95eda69973a809d1ec,5e9e4502f509094188566f88,2022
146,CSG-2,2022-01-31T23:11:12.000Z,1,5e9d0d95eda69973a809d1ec,5e9e4501f509094ba4566f84,2022
147,NROL-87,2022-02-02T20:18:00.000Z,1,5e9d0d95eda69973a809d1ec,5e9e4502f509092b78566f87,2022
148,Starlink 4-7 (v1.5),2022-02-03T18:13:00.000Z,1,5e9d0d95eda69973a809d1ec,5e9e4502f509094188566f88,2022
149,Starlink 4-8 (v1.5),2022-02-21T14:44:00.000Z,1,5e9d0d95eda69973a809d1ec,5e9e4501f509094ba4566f84,2022
150,Starlink 4-11 (v1.5),2022-02-25T17:12:00.000Z,1,5e9d0d95eda69973a809d1ec,5e9e4502f509092b78566f87,2022
151,Starlink 4-9 (v1.5),2022-03-03T14:35:00.000Z,1,5e9d0d95eda69973a809d1ec,5e9e4502f509094188566f88,2022
152,Starlink 4-10 (v1.5),2022-03-09T13:45:00.000Z,1,5e9d0d95eda69973a809d1ec,5e9e4501f509094ba4566f84,2022
153,Starlink 4-12 (v1.5),2022-03-19T03:24:00.000Z,1,5e9d0d95eda69973a809d1ec,5e9e4501f509094ba4566f84,2022
154,Transporter-4,2022-04-01T16:24:00.000Z,1,5e9d0d95eda69973a809d1ec,5e9e4501f509094ba4566f84,2022
155,Ax-1,2022-04-08T15:17:00.000Z,1,5e9d0d95eda69973a809d1ec,5e9e4502f509094188566f88,2022
156,NROL-85,2022-04-17T13:13:00.000Z,1,5e9d0d95eda69973a809d1ec,5e9e4502f509092b78566f87,2022
157,Starlink 4-14 (v1.5),2022-04-21T15:16:00.000Z,1,5e9d0d95eda69973a809d1ec,5e9e4501f509094ba4566f84,2022
158,Crew-4,2022-04-27T07:52:00.000Z,1,5e9d0d95eda69973a809d1ec,5e9e4502f509094188566f88,2022
159,Starlink 4-16 (v1.5),2022-04-29T21:27:00.000Z,1,5e9d0d95eda69973a809d1ec,5e9e4501f509094ba4566f84,2022
160,Starlink 4-17 (v1.5),2022-05-06T09:42:00.000Z,1,5e9d0d95eda69973a809d1ec,5e9e4502f509094188566f88,2022
161,Starlink 4-13 (v1.5),2022-05-13T22:07:00.000Z,1,5e9d0d95eda69973a809d1ec,5e9e4502f509092b78566f87,2022
162,Starlink 4-15 (v1.5),2022-05-14T20:40:00.000Z,1,5e9d0d95eda69973a809d1ec,5e9e4501f509094ba4566f84,2022
163,Starlink 4-18 (v1.5),2022-05-18T10:40:00.000Z,1,5e9d0d95eda69973a809d1ec,5e9e4502f509094188566f88,2022
164,Transporter-5,2022-05-25T18:27:00.000Z,1,5e9d0d95eda69973a809d1ec,5e9e4501f509094ba4566f84,2022
165,Nilesat-301,2022-06-08T21:04:00.000Z,1,5e9d0d95eda69973a809d1ec,5e9e4501f509094ba4566f84,2022
166,Starlink 4-19 (v1.5),2022-06-01T17:08:50.000Z,1,5e9d0d95eda69973a809d1ec,5e9e4502f509094188566f88,2022
167,SARah 1,2022-06-18T14:19:00.000Z,1,5e9d0d95eda69973a809d1ec,5e9e4502f509092b78566f87,2022
168,Globalstar FM15,2022-06-19T04:27:00.000Z,1,5e9d0d95eda69973a809d1ec,5e9e4501f509094ba4566f84,2022
169,SES-22,2022-06-29T21:04:00.000Z,1,5e9d0d95eda69973a809d1ec,5e9e4501f509094ba4566f84,2022
170,Starlink 4-21 (v1.5),2022-07-07T13:11:00.000Z,1,5e9d0d95eda69973a809d1ec,5e9e4501f509094ba4566f84,2022
172,CRS-25,2022-07-15T00:44:00.000Z,1,5e9d0d95eda69973a809d1ec,5e9e4502f509094188566f88,2022
173,Starlink 4-22 (v1.5),2022-07-17T14:50:00.000Z,1,5e9d0d95eda69973a809d1ec,5e9e4501f509094ba4566f84,2022
174,Starlink 3-2 (v1.5),2022-07-21T17:13:00.000Z,1,5e9d0d95eda69973a809d1ec,5e9e4502f509092b78566f87,2022
175,Starlink 4-25 (v1.5),2022-07-24T00:00:00.000Z,1,5e9d0d95eda69973a809d1ec,5e9e4501f509094ba4566f84,2022
176,KPLO,2022-08-04T23:08:00.000Z,1,5e9d0d95eda69973a809d1ec,5e9e4501f509094ba4566f84,2022
177,Starlink 4-26 (v1.5),2022-08-09T22:57:00.000Z,1,5e9d0d95eda69973a809d1ec,5e9e4502f509094188566f88,2022
178,Starlink 3-3 (v1.5),2022-08-12T21:30:00.000Z,1,5e9d0d95eda69973a809d1ec,5e9e4502f509092b78566f87,2022
179,Starlink 4-27 (v1.5),2022-08-19T19:24:00.000Z,1,5e9d0d95eda69973a809d1ec,5e9e4501f509094ba4566f84,2022
180,Starlink 4-23 (v1.5),2022-08-28T02:22:00.000Z,1,5e9d0d95eda69973a809d1ec,5e9e4502f509094188566f88,2022
181,Starlink 3-4 (v1.5),2022-08-31T05:40:00.000Z,1,5e9d0d95eda69973a809d1ec,5e9e4502f509092b78566f87,2022
182,Starlink 4-20 (v1.5) & Sherpa LTC-2/Varuna-TDM,2022-09-05T02:09:00.000Z,1,5e9d0d95eda69973a809d1ec,5e9e4501f509094ba4566f84,2022
183,Starlink 4-2 (v1.5) & Blue Walker 3,2022-09-11T01:10:00.000Z,1,5e9d0d95eda69973a809d1ec,5e9e4502f509094188566f88,2022
184,Starlink 4-34 (v1.5),2022-09-17T01:05:00.000Z,1,5e9d0d95eda69973a809d1ec,5e9e4501f509094ba4566f84,2022
185,Starlink 4-35 (v1.5),2022-09-24T23:30:00.000Z,1,5e9d0d95eda69973a809d1ec,5e9e4501f509094ba4566f84,2022
186,Crew-5,2022-10-05T16:00:00.000Z,1,5e9d0d95eda69973a809d1ec,5e9e4502f509094188566f88,2022
